item1,item2,item3,item4,item5
bread,eggs,,,
milk,bread,,,
bread,,,,
diaper,eggs,,,
bread,eggs,,,
beer,eggs,,,
milk,bread,eggs,,
bread,,,,
,,,,
milk,bread,eggs,,
eggs,,,,
milk,bread,diaper,,
bread,eggs,,,
milk,beer,eggs,,
beer,,,,
beer,eggs,diaper,,
milk,bread,diaper,eggs,
milk,diaper,,,
beer,bread,,,
diaper,eggs,,,
diaper,,,,
diaper,,,,
milk,,,,
beer,eggs,,,
milk,eggs,,,
bread,diaper,beer,,
milk,bread,beer,eggs,
milk,bread,eggs,eggs,
bread,diaper,beer,eggs,
milk,bread,eggs,,
bread,beer,,,
diaper,beer,,,
milk,bread,,,
milk,,,,
diaper,eggs,,,
diaper,,,,
milk,bread,,,
bread,diaper,,,
beer,eggs,,,
milk,bread,,,
