age,income,tenure_months,region,channel,churned
58,78880.5,32,South,organic,1
65,75887.14,70,North,paid,1
23,63484.47,4,South,paid,0
44,77453.38,29,West,paid,0
18,60489.35,55,East,organic,0
66,51166.14,44,North,organic,0
40,38364.24,59,North,referral,0
53,43493.26,38,East,paid,0
20,46331.0,11,South,referral,0
47,38078.41,47,South,organic,0
35,53216.47,10,South,paid,0
47,38280.29,49,East,referral,0
53,62520.19,8,South,referral,0
43,73039.93,35,North,organic,0
63,51344.44,51,West,organic,0
65,80113.4,72,East,paid,0
55,51483.95,18,West,organic,1
25,66236.41,20,South,paid,0
22,44873.07,60,East,referral,0
18,73375.54,15,East,paid,0
36,44871.35,34,South,paid,1
58,66573.26,39,South,organic,0
52,92481.32,1,East,organic,1
41,50230.36,40,South,organic,0
23,74859.3,9,South,organic,0
53,68870.31,22,East,paid,0
31,82698.69,26,East,organic,0
41,49128.92,57,West,organic,0
39,78893.36,29,North,organic,0
32,62511.63,9,North,referral,1
33,56922.65,70,South,paid,0
54,77014.91,61,South,paid,0
30,78250.25,46,West,organic,0
21,72290.17,13,North,organic,0
24,60082.26,58,South,organic,0
33,69743.4,10,West,referral,0
24,114218.53,2,North,referral,0
28,77838.52,53,West,organic,0
21,60503.53,50,East,referral,0
36,60847.01,55,West,organic,0
21,43522.29,41,North,organic,0
51,51051.51,21,North,referral,1
29,65114.15,31,West,organic,0
33,62348.75,6,North,organic,0
51,55277.19,41,South,organic,0
59,70661.06,39,West,organic,0
22,80863.68,13,North,paid,0
26,61222.56,45,North,referral,0
28,42621.04,39,North,paid,0
60,67111.18,14,South,organic,0
65,48701.44,27,East,organic,0
34,56074.15,65,West,organic,0
21,73170.86,36,North,organic,0
58,68627.78,34,South,paid,0
45,53221.79,20,North,referral,0
27,57271.54,56,South,organic,0
68,64215.11,46,South,paid,0
40,59256.05,72,West,referral,0
33,87047.52,23,West,organic,0
39,29166.95,53,South,organic,0
24,56881.16,61,South,organic,0
40,62836.43,40,South,organic,0
43,45843.49,36,East,paid,0
52,86430.24,43,North,organic,0
29,22402.35,5,North,paid,0
68,39148.73,41,West,paid,0
42,67862.0,6,West,organic,0
52,54250.46,26,East,organic,0
39,44167.65,16,East,paid,0
38,44530.45,52,East,paid,0
60,80995.42,23,East,organic,0
37,51742.77,37,South,organic,0
59,52897.06,28,West,paid,0
65,74556.92,22,North,organic,0
57,45867.26,31,East,organic,0
19,83832.77,6,South,referral,0
67,73922.25,25,West,organic,0
59,66856.08,1,North,paid,1
69,77492.8,7,South,referral,1
26,55269.52,60,East,referral,0
57,72570.25,55,West,referral,0
48,30955.13,58,East,paid,0
35,61806.11,31,East,organic,0
33,41882.49,35,East,organic,0
26,68602.73,20,South,organic,0
52,71971.54,60,West,organic,0
42,76421.72,3,West,organic,0
37,48815.43,50,West,paid,0
69,51562.61,29,East,organic,1
39,53602.42,52,South,referral,0
57,28060.89,4,North,paid,1
47,53045.19,24,North,organic,0
47,48212.86,49,East,paid,0
34,82485.05,11,West,organic,0
40,60912.06,6,North,referral,0
19,65581.84,20,South,organic,0
54,75882.1,33,East,organic,0
65,54590.98,15,South,referral,1
19,77715.68,49,West,referral,0
55,51511.83,32,North,paid,0
61,53846.87,6,East,paid,0
22,55505.13,65,East,organic,0
49,90085.93,59,South,organic,0
59,83500.63,35,West,organic,0
55,56620.21,12,East,referral,0
47,89111.0,49,East,organic,0
29,45999.97,34,East,organic,0
35,61097.41,72,North,paid,0
33,56753.0,31,West,paid,0
68,42935.15,3,North,organic,0
33,53151.97,61,East,organic,0
39,78578.2,46,West,organic,0
25,57656.07,69,South,organic,0
35,47150.19,68,East,referral,0
36,61330.22,2,South,organic,0
53,69339.54,38,South,paid,0
24,73657.53,61,West,organic,0
21,45945.4,33,West,organic,0
49,78887.54,7,South,organic,0
37,69486.88,11,South,organic,0
56,42862.06,67,West,organic,0
55,48174.83,55,East,paid,1
65,80655.88,28,East,paid,1
29,74855.93,71,North,organic,0
62,49653.64,30,East,paid,0
47,53081.02,10,South,referral,0
58,37119.63,26,West,organic,0
27,45522.07,35,South,organic,0
37,36869.93,37,West,organic,0
62,44271.46,52,East,paid,0
23,34306.76,42,East,organic,0
61,41812.75,3,East,paid,0
29,38593.13,36,South,referral,0
70,64013.81,63,North,organic,0
38,45750.79,43,West,paid,0
43,34029.2,71,North,organic,0
38,79264.26,66,North,paid,0
44,77183.0,7,South,paid,0
49,42127.03,27,East,paid,0
46,42034.99,63,North,organic,0
69,60591.9,71,North,paid,0
25,68788.67,60,North,paid,0
63,53902.53,54,West,referral,0
53,82645.09,19,West,organic,0
65,81756.31,36,West,organic,0
35,39395.45,1,East,paid,0
55,77397.51,20,West,paid,0
53,59880.01,70,West,organic,0
30,71000.31,50,South,referral,0
38,58664.7,61,West,organic,0
70,55024.0,5,South,paid,0
24,52965.16,57,North,paid,0
64,78730.94,20,North,organic,0
39,83884.98,51,North,referral,0
52,50457.39,63,North,paid,0
61,68960.05,37,South,paid,0
24,61523.68,13,West,organic,0
19,36647.47,6,East,paid,0
41,49823.26,53,South,organic,0
42,64735.28,31,West,referral,0
47,49224.68,2,West,referral,0
28,47318.58,10,West,referral,0
37,49871.3,33,West,referral,0
42,47921.41,62,North,organic,0
54,53390.29,3,West,organic,0
61,82293.93,7,West,referral,0
67,66195.79,46,South,paid,0
61,40456.15,18,North,referral,0
37,60938.73,47,South,organic,0
65,56206.71,54,South,organic,0
41,27434.9,22,East,referral,0
69,53606.94,38,East,referral,0
22,84775.54,51,East,organic,0
34,90240.2,69,North,organic,0
61,58878.43,48,North,paid,0
57,74649.34,72,East,referral,0
22,48949.21,39,West,organic,1
20,47401.02,39,West,organic,0
52,70855.28,70,West,paid,0
44,72416.95,13,West,paid,0
35,74128.56,57,West,referral,0
24,62945.91,48,East,organic,0
25,86545.8,12,South,paid,0
19,51191.96,7,East,organic,0
54,67840.73,71,South,paid,0
32,87118.66,43,South,paid,0
35,65280.65,17,East,paid,1
19,53485.04,17,North,organic,0
55,55850.0,7,South,paid,0
65,68302.64,9,West,organic,0
55,73750.64,6,East,organic,0
21,71238.52,62,West,organic,0
63,64942.53,11,East,paid,1
35,56850.33,71,East,organic,0
36,40402.24,13,North,referral,0
67,65865.61,71,South,organic,0
44,51258.22,54,North,organic,0
34,73981.41,48,South,paid,0
23,63261.59,13,East,referral,0
55,54220.55,72,East,paid,0
60,74665.49,7,East,paid,0
54,54313.62,65,South,organic,0
24,48749.49,15,East,paid,0
53,75461.7,72,North,paid,0
62,58964.77,40,East,organic,0
27,69405.3,52,North,organic,0
19,75463.63,49,West,organic,0
37,70054.78,42,North,referral,0
66,43421.83,35,West,paid,0
46,44850.51,54,East,organic,0
40,48926.16,63,East,organic,0
56,65218.29,8,North,organic,0
67,67498.22,42,North,organic,0
29,68749.72,17,West,paid,0
53,73590.01,10,West,referral,1
19,36468.53,59,North,referral,0
54,42306.46,38,North,organic,0
28,72118.54,59,East,organic,0
33,46049.75,11,West,referral,0
32,65966.54,43,South,organic,0
51,27450.28,45,East,paid,0
70,57961.99,19,South,organic,0
29,39718.59,10,South,referral,0
47,44792.41,58,East,referral,0
27,44318.9,39,East,paid,0
22,66235.64,40,West,organic,0
36,86560.15,12,West,organic,0
68,73898.98,6,West,referral,0
30,52595.38,20,North,organic,0
39,75351.61,11,South,organic,0
46,39655.77,47,East,referral,0
67,56899.73,44,North,paid,0
22,50799.02,50,East,organic,0
56,76813.83,20,East,organic,0
40,51902.84,51,South,paid,0
37,80364.4,72,West,paid,0
26,46437.8,68,North,paid,0
41,35287.65,3,East,organic,0
39,76385.13,29,South,organic,0
68,54409.46,13,North,paid,0
57,69914.28,21,South,referral,0
69,70698.07,22,West,organic,0
64,61272.47,37,West,organic,0
69,76207.59,61,South,organic,0
46,48148.12,49,West,referral,0
69,62910.05,18,East,organic,0
41,53426.63,67,North,organic,0
35,57654.85,58,South,referral,0
32,72686.19,4,West,organic,0
33,31523.97,50,North,organic,1
24,71550.56,19,South,organic,0
48,41589.3,18,West,organic,1
23,70380.59,20,West,organic,0
37,61245.42,16,North,organic,0
57,52990.93,64,North,paid,0
63,61935.77,19,East,organic,0
33,51275.71,11,East,organic,0
50,55850.13,65,North,organic,0
58,49009.99,3,East,paid,1
64,69460.48,14,East,organic,0
39,63615.98,60,West,paid,0
22,51424.41,59,North,organic,0
30,69841.51,40,West,referral,0
34,51410.03,5,South,organic,0
21,68960.13,16,East,organic,0
46,49938.91,50,East,referral,0
49,41982.93,35,North,paid,1
56,79838.8,24,East,organic,1
60,55389.48,55,South,paid,0
20,75634.59,46,West,organic,0
21,79037.62,47,South,referral,0
56,69706.36,57,North,organic,0
59,50162.01,5,South,paid,0
41,70972.99,57,North,paid,0
43,55227.7,15,North,paid,0
42,71146.02,72,North,organic,0
46,64556.22,63,South,organic,0
46,80127.99,23,West,referral,0
38,48357.55,71,East,referral,0
63,39486.97,23,East,paid,1
30,62880.38,64,North,organic,0
47,49357.09,71,South,paid,0
37,40883.26,62,West,paid,0
22,74229.67,17,East,paid,0
61,52184.96,71,South,paid,0
50,59144.17,8,North,paid,0
28,49604.93,45,East,referral,0
58,81164.85,71,East,organic,0
52,77876.07,20,South,paid,0
56,71892.23,44,North,referral,1
20,84421.49,34,South,paid,0
58,51817.72,4,West,referral,0
59,76593.4,52,East,organic,0
28,55365.18,57,West,organic,0
56,78476.64,41,East,referral,0
41,83412.89,66,North,organic,0
35,52144.9,7,East,referral,0
44,62574.34,32,South,referral,0
64,50226.02,64,West,organic,0
19,83506.65,12,West,paid,0
31,55897.1,37,West,paid,0
61,57630.82,61,East,paid,0
45,67833.84,47,West,organic,0
54,68766.78,72,South,organic,0
42,34503.49,36,North,organic,0
41,59318.1,44,East,paid,0
50,56499.39,5,South,paid,0
51,62497.02,59,South,paid,0
38,71934.23,51,East,paid,0
50,54509.04,69,West,paid,0
70,73381.97,15,West,paid,0
64,61403.98,4,West,organic,0
67,50505.2,7,West,organic,0
57,54898.1,49,South,referral,0
54,66858.0,3,West,organic,1
62,57685.88,27,West,paid,0
48,77067.66,8,South,paid,0
60,42457.75,62,West,organic,0
52,52310.17,34,West,organic,0
53,71734.42,39,South,referral,0
67,57519.44,63,East,organic,0
68,69918.36,36,East,organic,0
42,71916.97,45,South,organic,0
63,50847.12,11,East,referral,0
65,50008.29,69,East,referral,0
26,61321.02,14,South,organic,0
51,61662.93,13,West,organic,0
61,70793.96,18,North,referral,0
28,30756.17,61,West,paid,0
36,79365.85,42,East,paid,0
23,53718.43,5,South,organic,0
20,51086.22,51,West,organic,0
36,61463.12,14,East,organic,0
52,58568.58,68,West,referral,0
50,50379.73,15,East,organic,0
34,61959.46,24,North,paid,0
54,55505.39,52,West,paid,1
60,51260.28,13,South,referral,0
33,74741.68,58,East,referral,0
64,60633.03,2,East,paid,0
21,51708.98,21,West,paid,0
63,45403.38,40,North,paid,0
41,52069.84,18,West,organic,0
56,53041.72,48,West,paid,0
66,38456.13,28,South,paid,0
68,54825.24,11,West,paid,0
54,81462.16,65,South,paid,0
38,78262.61,67,West,organic,0
55,27966.89,58,North,organic,0
47,62252.3,8,West,paid,0
19,38075.19,28,North,organic,0
22,76798.26,70,North,referral,0
48,75076.13,18,West,organic,0
46,63046.6,49,West,organic,0
52,79961.19,16,South,referral,0
26,82073.15,29,North,paid,0
47,51302.95,69,West,referral,0
40,43321.6,20,East,organic,0
66,80731.83,54,North,organic,1
56,77784.44,5,West,paid,0
21,60149.27,57,South,paid,0
67,64509.76,8,South,paid,1
70,77003.03,42,South,organic,0
60,50144.85,67,South,organic,0
53,89270.54,23,West,paid,1
40,50187.63,49,East,paid,0
37,42063.36,61,South,referral,0
63,77610.5,19,West,referral,0
44,52466.6,32,East,organic,0
46,57164.9,48,North,paid,0
21,57401.87,6,North,organic,0
64,82297.6,72,South,organic,0
39,49227.8,28,South,referral,0
66,91024.73,62,South,paid,0
43,76371.13,37,West,organic,0
37,50335.69,34,East,paid,0
24,67824.13,41,South,organic,0
54,37295.08,29,South,organic,0
55,46292.38,20,South,organic,0
33,52560.02,64,East,organic,0
64,49038.26,22,East,organic,0
49,46458.54,24,North,paid,0
22,80973.27,1,West,organic,0
22,52477.15,20,North,organic,0
21,43584.21,62,West,organic,0
44,44999.45,2,North,paid,1
36,87315.67,56,South,organic,0
27,62953.6,31,South,paid,0
40,58361.2,48,West,organic,0
62,74995.47,29,East,paid,0
59,81702.38,5,North,organic,0
48,58863.73,8,North,paid,1
45,51746.41,13,North,organic,0
62,49372.33,61,East,organic,0
35,75576.41,5,South,referral,0
31,48579.82,19,West,referral,0
54,61702.62,50,East,organic,0
68,88407.1,11,East,organic,0
22,46159.83,51,East,organic,0
46,81630.13,63,South,organic,0
