x,y,true_cluster
-0.6225,0.2511,0
2.2988,5.1606,2
6.682,2.7943,1
-0.5115,-1.4806,0
2.4597,6.305,2
-0.139,-0.0145,0
6.1271,0.7955,1
1.9114,4.2024,2
4.4681,1.5738,1
-0.6087,-0.3895,0
6.7751,-0.7794,1
-0.1856,-2.022,0
5.3236,2.6601,1
2.3674,3.99,2
-1.15,4.65,2
2.9113,5.2202,2
2.7084,1.0083,1
4.6422,2.026,1
1.1507,5.6771,2
-1.0012,2.2847,0
1.0394,4.7601,2
-0.4481,-1.7073,0
2.7005,3.6402,2
2.3073,7.8115,2
-0.6045,0.9181,0
1.8086,3.7832,2
3.0785,4.9332,2
-0.3202,0.8612,0
-0.396,0.2614,0
0.8182,6.1995,2
5.6495,2.3796,1
4.9744,-0.6987,1
0.0027,1.3884,0
1.6933,5.5003,2
1.8786,4.9091,2
0.5853,0.0011,0
1.4565,0.0659,0
2.4477,4.5943,2
0.9892,7.0337,2
3.0818,4.9894,2
-0.719,-0.9796,0
2.212,6.439,2
-0.097,5.1134,2
7.6228,1.5962,1
1.739,-0.0348,0
6.9663,1.0439,1
6.2925,1.0164,1
0.932,6.1508,2
-0.4434,-0.6232,0
5.7795,0.9307,1
1.7345,3.5588,2
6.5505,0.8555,1
1.7295,5.8007,2
-0.1462,1.5983,0
6.2371,-0.1106,1
5.5288,1.3667,1
8.2721,1.6167,1
0.373,-0.657,0
5.0895,3.5663,2
6.3167,1.0388,1
-0.376,0.4415,0
-1.0744,0.2842,0
5.4113,0.4627,1
6.3717,1.4782,1
-0.0149,-1.0877,0
0.6107,-1.293,0
1.9021,5.273,2
4.7529,-1.0214,1
-0.6876,0.0053,0
1.5806,5.3282,2
-0.149,-0.4283,0
6.0112,2.7175,1
0.2171,1.9676,0
-1.043,-0.0286,0
-0.8935,-2.4429,0
7.0156,1.4887,1
6.4441,-0.0475,1
-1.2839,1.687,0
0.6904,0.4392,0
5.0338,-0.0425,1
3.8405,5.2525,2
5.9903,1.1999,1
1.3944,1.8053,0
2.3584,5.852,2
2.3509,4.2965,2
1.2465,2.4389,0
-0.6674,0.0042,0
3.5749,5.8653,2
1.7028,4.2533,2
0.8401,4.8232,2
1.2937,4.9893,2
2.1211,4.0832,2
-0.7083,-1.5202,0
0.322,1.2791,0
1.3162,-0.7215,0
-0.4418,-0.2357,0
5.6504,-0.5732,1
2.1845,5.2404,2
0.07,0.6054,0
2.1683,4.0326,2
1.9644,5.9546,2
7.076,0.6275,1
4.8795,0.5236,1
1.9324,4.2511,2
2.3458,6.9371,2
2.1336,4.4989,2
5.4825,2.0126,1
1.0337,-0.4754,0
5.1162,0.0437,1
1.0201,4.3329,2
-0.5436,0.3515,0
-0.2045,0.2168,0
-0.0309,-0.3758,0
-0.8953,-2.0032,0
1.4486,4.8587,2
2.0109,6.4012,2
-2.1425,-2.3893,0
-0.134,0.696,0
3.0158,5.6014,2
-0.0915,-1.6908,0
5.6614,1.7577,1
1.0668,-1.9474,0
0.1717,-0.3587,0
5.3465,1.3474,1
6.2325,1.4042,1
0.6934,4.5621,2
2.1202,4.2711,2
2.8474,5.9596,2
-0.6672,1.0745,0
0.7969,4.5782,2
1.7034,-0.589,0
7.087,1.2323,1
7.4545,2.3873,1
5.2423,0.8998,1
1.9686,-0.5491,0
2.9614,5.3078,2
1.3775,-1.0415,0
5.2072,0.4523,1
5.4842,1.5793,1
1.0439,3.7742,2
2.3828,6.6601,2
6.224,0.6872,1
3.1306,5.6453,2
-0.6052,0.7995,0
1.6442,4.8731,2
3.7347,5.7725,2
2.6195,4.7095,2
7.1162,0.9857,1
5.0821,0.5832,1
2.7185,6.4999,2
1.7881,4.3868,2
5.52,1.8156,1
6.3727,0.0376,1
6.7533,0.3739,1
0.1116,-1.2438,0
1.5932,5.2399,2
0.2645,0.3945,0
5.5375,0.5504,1
-0.5252,0.0588,0
1.9199,5.9532,2
-1.1431,-0.2994,0
-1.0353,-0.6218,0
0.0911,1.1254,0
-0.3204,-0.648,0
8.2562,1.118,1
5.374,0.8602,1
-0.3547,-1.0521,0
3.0578,4.7401,2
0.5698,-1.6711,0
-1.9752,-1.3877,0
-1.5633,-0.2075,0
1.4228,6.212,2
6.1596,-0.203,1
0.7871,2.1658,0
-0.3605,0.316,0
2.0788,4.4773,2
1.698,0.425,0
-0.9765,-0.705,0
0.9573,0.2315,0
0.2241,0.9866,0
-0.7201,-0.2588,0
6.4937,0.3579,1
6.0948,2.0597,1
-0.7139,-1.1804,0
7.2318,2.1857,1
2.6847,4.6573,2
6.676,1.3898,1
6.364,-0.0168,1
1.2008,7.2689,2
2.4382,4.8892,2
6.2136,0.4143,1
2.9267,4.3147,2
6.2261,1.4796,1
3.0848,3.0658,2
1.4783,5.6964,2
-0.2899,2.4073,0
6.0616,1.5682,1
2.8429,5.1292,2
6.0984,1.4796,1
0.4658,4.7489,2
6.378,1.6125,1
0.7206,0.1661,0
6.634,1.4746,1
2.425,4.053,2
5.8556,2.0753,1
-0.2264,1.3466,0
3.7823,-0.3479,1
2.4292,5.918,2
5.3759,2.2627,1
0.2655,0.3633,0
6.3989,1.6979,1
-1.4964,0.9076,0
1.3016,4.5239,2
0.0721,0.4021,0
5.6437,2.6093,1
0.8994,-1.1595,0
2.3697,5.0965,2
7.0593,1.0608,1
7.8912,1.8014,1
5.086,1.0369,1
5.8068,1.699,1
-0.0575,-0.1431,0
0.5508,5.1107,2
7.1244,0.8731,1
1.5356,5.4414,2
2.1444,5.8146,2
2.3418,6.1008,2
3.3798,4.8927,2
5.3739,1.9353,1
2.4034,3.3678,2
5.6388,0.214,1
7.3648,-1.0483,1
7.1658,1.7543,1
-0.3343,0.1437,0
3.362,3.5094,2
2.2772,4.3928,2
5.2509,0.2037,1
4.7142,0.3357,1
-0.9792,0.9053,0
0.2786,0.2496,0
-0.186,-0.5642,0
0.5418,5.6796,2
5.0825,2.1811,1
0.0629,3.994,2
6.8178,2.2078,1
-0.4503,-1.5682,0
2.5181,4.7398,2
0.5701,5.3794,2
-1.1957,0.943,0
2.1641,4.4061,2
5.4055,0.3433,1
5.8716,0.6724,1
3.2623,5.7966,2
0.8231,6.2265,2
7.5184,0.7058,1
5.4534,1.328,1
3.4256,5.0064,2
2.1231,-0.1958,0
3.3382,4.8561,2
2.2151,-0.2179,0
-1.4861,2.0978,0
5.5709,0.4911,1
6.6471,0.4329,1
7.5962,1.2333,1
6.7698,-0.712,1
0.1197,-2.5468,0
5.3599,0.6693,1
6.2304,0.1348,1
-0.0768,1.2589,0
1.3696,6.2849,2
5.4361,1.5406,1
1.3748,2.1887,0
-0.6934,-0.3528,0
1.3937,4.2799,2
7.2319,0.8047,1
-1.5811,-0.6627,0
-0.6287,1.2256,0
6.7949,2.5489,1
-0.7094,-0.1345,0
1.8417,3.4042,2
5.6774,-0.7243,1
-0.5334,0.6001,0
6.6483,0.847,1
1.0002,4.1896,2
5.7059,0.0808,1
5.8424,2.4298,1
5.2859,2.0206,1
5.4493,0.3383,1
6.5971,2.21,1
2.617,5.7308,2
-0.2013,-0.1222,0
6.3842,0.4948,1
1.228,5.3198,2
5.6284,0.6214,1
1.1793,5.4277,2
3.0585,5.7565,2
5.5886,1.3821,1
0.7591,0.8489,0
3.5593,5.7535,2
2.4538,6.1349,2
7.2889,2.205,1
2.4705,5.6926,2
1.1073,0.3011,0
0.1806,0.6485,0
0.4368,0.0145,0
2.7559,3.7454,2
0.7151,5.9699,2
1.6619,5.4184,2
5.8755,0.6109,1
1.3731,-0.1346,0
3.958,5.2314,2
5.9196,0.0094,1
-0.7236,-0.6226,0
6.2002,-1.1851,1
6.3219,0.1517,1
3.5408,5.5062,2
-0.9969,-1.5049,0
5.9955,1.0128,1
1.8422,3.699,2
6.5377,-0.4209,1
-0.9558,0.1057,0
0.5844,1.8934,0
6.4957,1.3123,1
2.2938,4.61,2
3.8469,0.142,1
1.3665,4.6405,2
-0.8455,-0.8007,0
4.3718,1.1282,1
0.6432,-0.8295,0
1.2482,0.8257,0
6.7054,0.0213,1
-0.4246,2.0018,0
3.3941,6.4803,2
2.8848,4.9525,2
4.9098,1.6753,1
-0.4999,-0.0105,0
0.75,0.3668,0
0.1928,6.3165,2
2.5362,6.4318,2
2.96,4.6076,2
5.6026,2.2222,1
2.9355,5.7785,2
3.1861,5.4756,2
0.7888,-0.8531,0
0.3475,-1.0866,0
1.6984,4.7632,2
-0.2957,-0.1546,0
6.0134,1.8176,1
-1.4923,-1.1348,0
1.7519,4.7515,2
7.5182,-0.2963,1
6.6184,0.2788,1
-0.0587,0.2548,0
5.8477,2.0742,1
-1.3654,0.2086,0
5.6785,2.3764,1
0.5055,-1.2064,0
2.1644,4.5928,2
6.6422,1.4657,1
-0.3321,-0.8056,0
