date,value,promo
2019-01-01,10.0,0
2019-02-01,11.869,1
2019-03-01,12.988,1
2019-04-01,13.394,1
2019-05-01,13.416,1
2019-06-01,12.353,0
2019-07-01,11.524,1
2019-08-01,10.786,0
2019-09-01,9.205,0
2019-10-01,9.002,0
2019-11-01,10.098,0
2019-12-01,11.393,0
2020-01-01,13.042,1
2020-02-01,14.378,0
2020-03-01,16.086,0
2020-04-01,17.028,1
2020-05-01,16.06,1
2020-06-01,15.567,0
2020-07-01,13.74,0
2020-08-01,12.734,1
2020-09-01,11.665,0
2020-10-01,12.156,0
2020-11-01,12.395,0
2020-12-01,14.359,1
2021-01-01,16.063,0
2021-02-01,17.675,1
2021-03-01,18.091,1
2021-04-01,19.535,0
2021-05-01,19.579,1
2021-06-01,18.795,1
2021-07-01,16.888,0
2021-08-01,16.059,1
2021-09-01,15.011,1
2021-10-01,14.926,1
2021-11-01,16.326,1
2021-12-01,16.927,1
2022-01-01,18.987,0
2022-02-01,21.104,0
2022-03-01,21.865,1
2022-04-01,22.705,0
2022-05-01,22.642,1
2022-06-01,21.776,1
2022-07-01,20.01,0
2022-08-01,19.28,1
2022-09-01,18.945,0
2022-10-01,17.631,0
2022-11-01,19.246,0
2022-12-01,20.298,1
2023-01-01,21.743,1
2023-02-01,24.55,1
2023-03-01,25.403,1
2023-04-01,25.27,1
2023-05-01,25.628,0
2023-06-01,24.981,0
2023-07-01,23.424,1
2023-08-01,22.523,0
2023-09-01,21.375,0
2023-10-01,21.517,0
2023-11-01,22.477,1
2023-12-01,22.98,0
