customer_id,revenue,region,signup_days,churned
C0067,,East,1789,0
C0159,796.52,North,2004,0
C0096,477.54,North,1889,0
C0156,754.11,North,1714,0
C0006,251.12,East,2987,0
C0029,552.43,East,357,0
C0150,632.22,South,3061,0
C0076,508.46,East,2209,0
C0111,N/A,North,1027,0
C0130,725.13,North,468,0
C0102,609.93,North,354,0
C0062,756.29,North,128,0
C0024,767.01,north,103,0
C0126,30.45,South,955,0
C0116,996.48,South,1471,0
C0009,N/A,West,1699,0
C0151,563.09,South,1336,0
C0171,563.03,North,2860,0
C0050,302.08,East,3225,0
C0097,657.19,East,2412,0
C0013,492.56,N,795,0
C0093,,north,2780,0
C0012,,East,2968,0
C0011,592.69,North,1230,1
C0131,657.79,East,3296,0
C0046,381.2,East,422,1
C0109,496.07,North,590,0
C0137,628.65,East,1995,1
C0146,728.05,South,177,0
C0010,345.4,East,825,1
C0082,407.77,North,520,0
C0053,717.34,North,1262,0
C0054,N/A,West,1553,0
C0032,550.24,East,1117,0
C0147,,South,1030,0
C0080,652.7,South,1067,0
C0034,413.49,South,2886,0
C0049,213.79,North,271,0
C0055,479.21,East,892,1
C0003,730.49,North,2577,0
C0017,458.41,South,2275,0
C0164,289.44,West,402,0
C0099,259.71,West,401,1
C0084,380.16,East,2424,0
C0014,411.98,north,2645,0
C0041,N/A,West,399,0
C0142,434.56,South,2285,0
C0081,,South,212,0
C0092,531.09,North,1781,0
C0104,21.62,East,1913,0
C0114,285.26,South,3458,0
C0168,,South,3581,0
C0072,294.28,South,2328,0
C0039,742.95,South,3107,0
C0025,727.27,north,1394,0
C0001,463.09,West,1929,1
C0162,579.04,north,1712,0
C0007,372.91,South,2497,0
C0035,465.99,South,1276,0
C0065,301.72,South,3441,0
C0008,517.95,North,3264,0
C0002,704.38,South,2851,0
C0143,444.43,North,392,0
C0061,483.88,South,218,0
C0144,207.61,South,2566,0
C0013,492.56,N,795,0
C0175,549.09,South,2906,1
C0140,577.65,South,715,0
C0169,241.66,North,2568,0
C0060,763.93,South,3492,0
C0166,428.57,South,372,0
C0170,223.76,North,1364,0
C0064,451.44,North,570,0
C0086,478.05,East,1405,0
C0000,580.36,South,278,0
C0108,654.54,North,822,1
C0011,592.69,North,1230,1
C0141,579.52,North,2048,0
C0089,692.92,North,3449,0
C0063,501.36,East,1304,0
C0051,808.79,East,2743,0
C0003,730.49,North,2577,0
C0015,658.88,North,3544,0
C0165,494.42,North,51,0
C0004,415.74,East,2896,0
C0139,511.7,West,2836,0
C0069,483.08,north,1862,0
C0057,118.65,South,2522,0
C0098,531.12,N,44,0
C0018,366.78,East,1449,0
C0044,258.44,East,1857,0
C0103,413.58,North,2654,0
C0110,294.41,North,1061,0
C0004,415.74,East,2896,0
C0112,506.63,East,155,1
C0071,,South,2917,0
C0026,788.1,East,3571,1
C0005,484.5,East,2153,0
C0047,529.52,East,2278,1
C0007,372.91,South,2497,0
C0056,670.84,East,601,1
C0149,812.16,East,476,0
C0129,552.11,North,3251,0
C0040,382.2,East,540,0
C0148,317.25,North,2202,0
C0014,411.98,north,2645,0
C0030,N/A,East,93,0
C0119,633.42,North,1574,0
C0002,704.38,South,2851,0
C0101,,North,2690,0
C0145,229.13,North,3263,0
C0155,768.08,N,522,0
C0090,338.7,North,1634,0
C0154,557.86,South,796,0
C0010,345.4,East,825,1
C0023,546.6,South,717,0
C0125,,North,2734,0
C0068,606.71,West,3232,0
C0091,737.1,South,2182,0
C0176,516.11,South,3021,0
C0118,708.31,North,3140,0
C0079,493.57,N,1185,0
C0021,N/A,East,3514,0
C0122,544.2,North,3248,0
C0132,553.2,East,495,0
C0036,362.25,North,2767,0
C0174,457.27,South,1501,1
C0167,,East,1882,0
C0012,,East,2968,0
C0008,517.95,North,3264,0
C0095,725.21,South,3516,0
C0123,510.08,South,3418,0
C0058,383.53,South,2784,0
C0066,356.81,North,2656,1
C0043,583.68,West,1489,0
C0078,471.26,north,1358,0
C0157,551.95,South,2473,0
C0077,782.16,South,1408,1
C0178,506.75,West,1733,0
C0153,645.72,South,594,0
C0135,469.52,South,2267,0
C0124,,South,2954,0
C0083,361.83,West,543,0
C0087,809.91,N,3366,0
C0105,289.16,North,1133,0
C0085,393.28,East,719,0
C0163,951.29,North,3149,0
C0059,437.93,north,1411,0
C0152,520.47,North,302,0
C0000,580.36,South,278,0
C0179,161.74,North,1992,0
C0006,251.12,East,2987,0
C0161,393.61,North,2374,0
C0113,461.64,North,1603,0
C0107,,East,1363,0
C0088,632.62,East,1803,0
C0121,N/A,East,574,0
C0033,656.49,North,2552,1
C0138,521.05,East,1163,0
C0106,537.25,East,3198,0
C0075,656.07,North,363,0
C0005,484.5,East,2153,0
C0160,590.52,South,1754,1
C0133,673.46,South,3427,1
C0052,908.04,South,1897,0
C0038,616.22,West,2525,0
C0127,431.31,North,2679,1
C0037,,South,1606,1
C0028,515.17,West,1274,1
C0070,246.98,South,2477,0
C0042,207.97,South,917,0
C0027,N/A,N,544,0
C0019,,North,1390,0
C0073,497.77,South,2829,0
C0045,694.58,North,1961,1
C0100,199.62,East,140,0
C0020,779.21,South,2438,0
C0022,480.01,South,1852,0
C0117,510.32,South,2651,1
C0048,290.55,South,2544,0
C0016,324.16,South,3421,0
C0177,392.03,South,860,0
C0172,735.89,East,3608,1
C0094,401.38,North,1450,0
C0158,696.68,north,2265,0
C0115,391.2,West,926,1
C0074,783.63,West,1145,0
C0009,N/A,West,1699,0
C0173,416.91,north,2764,0
C0136,576.08,North,2590,0
C0001,463.09,West,1929,1
C0120,410.35,North,1993,0
C0031,863.37,South,1315,0
C0134,,North,1122,1
C0128,932.96,North,59,0
