sqft,bedrooms,age_years,neighborhood,price
1852.4,5,84,B,434136.28
1314.7,1,10,B,312929.22
1702.0,2,94,B,344140.93
3334.6,4,46,C,681837.0
896.5,1,23,B,219904.85
899.5,1,45,C,180408.71
2331.1,3,49,A,518164.72
2702.0,5,31,C,608957.11
1091.8,4,21,A,360521.29
783.5,4,35,B,290682.69
2004.3,1,46,B,429724.18
2322.0,2,58,A,566568.37
1483.5,4,42,C,307170.08
1876.6,4,83,D,390485.54
994.8,3,77,D,194062.95
3397.3,3,37,C,697599.38
2435.4,5,100,A,530603.93
1739.5,1,72,A,432846.38
3492.1,2,87,C,678699.9
3334.6,2,56,C,642210.51
3010.7,1,52,C,578945.71
1332.8,2,91,B,303395.58
1693.3,4,76,B,369864.72
3269.1,4,69,A,740583.14
3408.4,5,76,C,714550.04
2507.0,3,21,C,551240.31
728.5,4,96,B,207718.67
886.0,2,65,C,176144.16
2218.2,5,28,B,508541.43
2306.9,5,19,B,592220.97
671.2,1,37,B,208277.23
3328.0,2,44,B,680882.39
1920.5,2,66,B,386344.95
2620.6,3,8,B,604313.79
2949.5,1,2,C,571827.78
1076.6,2,66,A,270859.64
1064.4,5,54,D,251290.25
1134.9,4,50,A,379593.9
2380.9,2,57,C,433056.81
1196.8,1,73,A,327134.45
3128.7,2,46,B,627552.71
3101.6,5,81,B,663628.33
1727.1,4,75,A,424339.73
1100.3,3,78,C,252830.02
2549.1,3,15,A,639770.06
1009.9,4,53,C,265585.78
2266.9,4,23,B,485108.92
3299.0,2,71,A,683971.51
1437.6,2,40,C,270134.86
3360.3,4,17,A,747107.87
1713.4,5,64,C,357740.13
2659.4,4,62,A,634809.68
2239.7,2,37,A,536793.96
2864.1,5,95,C,584915.07
2036.4,5,14,C,476842.31
3473.6,5,96,A,784541.61
2685.0,5,27,D,599354.98
2778.9,3,4,B,660243.26
1610.9,1,56,D,318984.46
1208.6,5,88,B,342879.82
2661.2,4,21,C,582168.7
2935.8,5,44,B,613519.3
2330.9,2,41,D,433132.4
3362.0,5,86,C,692799.95
993.2,4,7,D,266913.64
3111.6,2,18,C,616030.45
3002.6,4,62,A,657196.32
1688.0,1,81,C,278057.32
2829.8,4,65,C,549926.77
1918.6,4,41,C,374395.78
3119.8,1,93,D,501576.13
3065.3,5,50,A,687788.82
1846.0,2,63,B,412606.74
2276.0,5,62,C,465077.82
3193.0,1,5,A,721601.37
960.3,2,56,B,220944.79
3476.3,4,25,D,734282.39
1475.4,3,11,C,323907.29
1326.1,3,85,D,253412.9
1486.0,2,54,C,325942.52
2640.7,1,27,B,570758.69
2571.9,1,1,C,540399.15
2969.6,4,88,A,676306.04
2719.2,1,13,B,594633.52
3154.9,2,48,C,609747.15
3479.5,2,8,B,726548.27
624.6,2,56,B,197180.61
3267.7,5,87,B,723996.27
1230.0,1,17,C,251985.04
3393.4,3,17,A,759080.46
2469.4,2,70,C,464804.64
3329.7,1,84,D,552006.34
1195.8,5,65,A,340225.9
2873.0,2,63,B,609404.04
1299.1,5,9,B,464518.56
3308.4,2,49,D,601031.56
2248.3,3,69,C,449457.31
2834.1,1,75,A,533197.48
1360.3,1,7,D,262790.71
2666.6,4,54,C,559072.32
839.0,5,68,C,217922.19
2082.8,2,19,B,500916.9
1733.1,1,39,C,339679.64
767.9,1,55,A,191207.81
2375.7,1,39,C,452940.15
636.7,2,89,A,190389.31
2039.6,3,66,B,457849.39
1678.4,3,93,D,280319.59
2837.1,1,42,C,540827.53
2665.7,5,80,A,629822.67
1920.1,3,7,B,453164.19
1339.8,1,73,C,237997.93
934.5,5,0,A,385407.97
1968.1,4,19,A,514853.63
3385.0,1,70,C,610117.03
1251.1,2,53,D,202219.17
1527.8,1,73,B,267731.42
1120.1,5,5,D,296927.12
799.9,4,36,C,221226.66
1924.6,3,25,B,471291.49
2875.1,5,31,B,633269.98
2840.6,2,93,D,476025.97
2805.4,2,19,A,634395.09
1604.6,1,42,A,409981.59
2506.2,3,13,A,641655.97
3387.4,2,91,B,654169.74
727.3,2,66,B,220053.91
2768.9,5,12,B,636910.91
2447.9,4,9,C,577481.24
979.1,3,33,D,233891.39
3285.5,4,89,C,617535.36
1277.5,2,17,C,320710.62
2295.7,2,13,A,537866.95
2154.2,2,57,B,467561.53
1368.5,1,11,A,364235.17
2620.9,1,27,C,472104.42
1550.6,1,91,A,332804.77
2563.8,3,22,A,642509.72
1772.7,4,71,C,372311.78
2931.3,2,15,A,703472.3
3008.1,2,16,A,657779.64
3319.0,1,74,C,625482.43
3260.5,1,2,D,636906.51
2947.0,1,42,A,675964.01
3332.6,1,21,D,586417.3
2038.8,4,87,B,463750.8
1626.4,2,35,B,389688.47
2395.6,2,82,B,481168.26
1794.8,5,61,A,476737.45
1178.4,5,31,C,325658.69
2926.3,1,48,C,533484.05
2005.6,5,64,B,499076.87
1384.3,1,40,C,327015.09
1414.7,4,67,B,359396.68
2293.6,2,20,A,545975.48
2967.2,1,97,D,480087.35
1236.3,4,45,D,286956.12
1286.0,3,94,C,250459.64
3250.5,1,90,C,608553.0
2233.0,2,63,B,461122.74
1109.1,1,11,A,331810.89
1986.2,3,78,A,467125.36
978.4,2,41,A,326715.15
1010.8,1,67,D,199600.7
3385.6,3,90,D,598264.46
1475.1,2,20,C,336555.81
1866.9,4,83,B,411104.02
3179.8,5,100,B,626396.94
2530.0,2,48,B,532082.13
2713.6,5,50,D,536361.31
2835.4,5,4,A,693271.36
2373.0,5,13,D,558102.49
1007.9,1,30,B,247382.35
3392.9,3,57,A,772335.39
1208.1,1,44,B,288243.27
1719.2,4,21,D,378450.8
2029.9,4,44,B,503143.05
3105.7,2,20,B,680025.14
2917.7,1,37,A,639764.49
1591.2,4,20,C,392146.54
2186.4,1,43,C,402458.84
689.9,2,77,D,98782.77
1055.6,1,42,A,315637.27
2693.9,5,33,C,619430.65
1462.5,1,6,B,335801.13
758.1,1,54,A,229339.09
2989.3,5,61,A,709376.85
1446.3,1,60,C,279797.67
1494.2,4,60,B,365160.18
2178.0,2,47,D,400173.96
1671.3,4,5,B,429357.93
1378.8,1,19,C,301883.68
2535.7,1,85,B,429236.09
2310.2,5,7,C,518130.42
2973.4,4,68,C,620842.12
1283.4,3,10,B,345320.67
3076.4,1,64,C,535186.82
3450.0,2,15,D,660567.29
1902.2,2,27,C,419207.24
3466.0,4,25,D,707567.7
2419.0,5,33,B,567515.1
852.4,5,50,C,193529.38
3084.2,5,58,D,647454.97
2304.0,4,14,B,556532.35
1029.8,5,74,C,304014.15
2231.8,1,100,B,405664.58
2153.3,3,52,B,462650.56
1971.8,2,35,B,420009.76
2392.9,4,4,B,605261.26
742.9,4,34,D,165129.1
658.7,3,39,B,183829.83
884.8,2,17,B,267695.12
2756.8,3,34,C,555479.62
1881.0,4,94,B,406754.09
2097.9,3,7,B,518704.66
2069.7,2,99,D,366494.86
3150.1,1,22,A,718121.63
1323.5,4,6,D,277132.72
2643.4,3,47,C,497716.67
959.2,1,30,B,252512.3
2322.7,2,60,C,441323.17
3194.0,1,36,A,703219.34
744.0,5,99,D,177220.16
2565.3,3,83,B,502128.17
658.2,1,60,D,90102.3
624.5,3,77,C,118720.34
1485.8,3,54,D,310754.9
1232.8,3,86,B,265848.54
2408.5,5,13,A,693281.09
3034.2,5,82,C,605322.41
1419.8,1,61,A,387433.35
3098.3,3,83,C,583680.83
3187.9,3,24,A,734826.47
2935.7,5,51,C,559266.47
2574.2,1,83,B,486558.74
1773.3,1,74,C,377249.92
2258.9,2,43,C,457544.56
2876.2,3,64,B,631972.92
1093.0,5,23,B,302941.97
2703.0,5,97,D,516441.11
3346.1,3,83,A,685537.6
1490.5,3,47,B,398264.5
1452.7,1,60,A,336606.22
2399.9,4,24,B,538153.09
3115.7,4,67,B,703486.18
998.4,2,43,B,281659.35
2251.3,4,18,B,531536.92
2014.0,2,40,C,368090.97
613.7,3,26,C,205473.02
2019.8,1,16,C,452838.75
2437.1,4,54,D,475326.13
1178.3,3,1,D,285933.76
2794.9,5,24,A,729531.12
1256.2,3,39,A,370969.49
1712.3,5,39,A,491429.06
1443.4,5,76,B,345197.26
1857.6,2,43,D,313412.57
1078.2,4,2,A,385043.61
2708.8,2,27,C,533124.96
1663.1,1,48,D,292832.18
1341.8,5,79,A,420124.29
2495.3,1,6,C,508123.49
1808.6,4,15,B,449320.37
2616.1,1,38,B,547806.79
892.8,5,34,C,250568.55
3206.0,5,92,C,603672.55
1419.8,1,63,A,356228.56
2117.1,2,45,C,443643.29
1456.5,1,70,B,326445.23
1558.8,1,1,C,400889.42
3230.0,5,85,B,719699.02
817.6,1,32,C,172990.02
1924.6,3,33,B,467572.5
714.4,3,46,C,195883.12
1506.9,1,12,D,304331.76
1001.3,2,42,B,264417.14
1869.4,5,34,D,447603.91
1130.3,4,51,D,272976.03
1388.3,4,88,D,275648.89
2911.0,1,16,C,541774.58
770.1,2,13,B,210327.68
2567.3,2,78,B,495416.75
1639.9,1,87,D,258081.25
2000.9,4,14,D,381779.37
1878.0,1,33,C,426830.51
2122.0,5,92,C,437265.73
3435.9,3,66,B,697244.37
2519.0,2,61,B,513969.66
2561.3,4,19,C,486555.34
758.2,2,64,C,138676.97
3070.4,2,9,C,615849.04
1406.7,5,28,C,376046.21
1698.0,2,10,B,426268.27
3084.1,4,40,A,687281.95
2042.4,1,13,B,492989.35
2995.1,5,79,C,607962.09
3181.3,5,26,C,654866.91
2993.4,2,58,B,618613.63
2825.5,5,60,C,567663.87
882.6,2,0,B,299645.85
3006.7,3,70,B,617937.05
1076.1,2,91,C,193588.71
1786.7,3,78,A,469685.01
1225.2,2,91,B,301367.26
2795.7,1,81,C,466950.69
1906.5,5,64,A,474202.48
2046.6,5,94,A,542061.37
2000.5,5,99,D,362005.11
1113.9,5,22,C,325027.14
2341.6,3,64,D,458156.82
1814.1,5,88,C,371632.17
3414.4,4,17,A,854638.68
2347.3,5,38,C,496384.62
2736.8,5,80,A,627203.16
1208.2,3,87,B,249817.04
2485.3,2,64,B,453836.11
2446.9,1,97,B,435580.2
2534.8,4,86,C,501463.45
3040.0,3,54,C,593401.07
1021.4,1,25,B,268046.9
2878.0,3,87,B,603832.86
1455.9,5,4,B,391450.41
1912.5,5,86,C,427649.67
2227.7,2,65,C,398072.02
2916.6,3,88,C,571749.83
3374.4,3,70,A,715359.19
2756.6,2,79,D,505287.65
1254.1,3,96,C,223144.9
2741.5,2,99,C,503755.23
3452.0,1,23,D,668545.86
2731.7,1,48,A,594743.54
1066.7,3,0,B,346264.05
2658.1,2,5,A,630898.56
3303.9,5,84,B,699752.73
2890.7,5,45,A,681305.66
3375.3,5,8,C,696704.64
1062.2,5,68,B,271489.32
2523.7,3,46,B,594510.35
3355.9,5,67,B,676768.31
2483.0,1,85,B,468243.47
1297.0,5,79,A,425698.89
1706.0,1,49,B,385789.05
2699.5,1,66,C,466263.05
1892.1,1,37,D,382841.75
1158.3,5,10,D,331520.15
2160.1,1,80,A,524129.2
2544.0,2,87,B,532988.1
2638.0,4,82,C,538109.5
809.1,2,3,B,257982.53
757.4,3,71,A,263852.28
2982.7,3,52,B,612081.19
649.0,1,68,A,187980.73
2688.8,1,96,C,518760.14
1637.3,5,13,B,463009.8
2589.0,5,11,B,644169.3
2984.2,1,60,A,623264.43
1237.6,4,69,B,303564.42
3172.2,3,1,C,649502.76
2209.7,1,5,A,513263.31
3346.2,3,26,C,658807.86
3220.3,3,27,B,674823.93
1066.8,2,78,C,185835.75
1163.5,2,85,C,250679.13
3303.9,5,59,C,633418.68
812.1,1,32,A,261163.81
1559.5,2,85,C,264156.05
890.1,5,8,D,242512.71
2387.4,3,88,C,479250.98
2240.1,3,40,D,451820.43
2878.4,4,35,C,619013.21
989.5,3,61,B,250834.0
2199.8,2,82,C,426918.47
3041.2,2,68,A,649394.23
2709.5,1,64,C,466605.45
2956.7,5,51,C,617990.1
1355.8,5,60,C,327690.2
1031.0,4,28,D,206470.63
988.3,5,65,A,304570.96
1655.2,1,84,A,444725.21
2584.1,5,17,B,600661.43
1119.5,5,84,D,258933.85
3323.6,1,28,C,673091.56
1272.1,3,47,A,351595.03
2895.2,4,60,D,531802.94
3156.5,1,83,B,598071.85
3006.0,3,74,B,587804.51
1104.2,4,46,C,280031.85
1329.6,2,66,B,300521.94
2970.0,3,62,C,582183.48
3157.9,4,21,A,739749.34
2092.2,3,27,A,548653.38
2969.2,2,53,C,600403.75
2688.7,4,86,B,568789.42
3016.8,1,31,A,677599.97
2263.1,2,17,C,505357.02
762.1,3,23,B,261720.23
1775.8,5,81,A,452843.76
1422.0,1,27,B,303222.2
3479.0,4,21,A,787670.45
2289.7,2,79,C,436323.32
